Noun;Artikel;Plural;AudioPath;ImagePath
Abbildung;;;;
Abfall;;;;
Abgas;;;;
Abitur;;;;
Abonnement;;;;
Abschluss;;;;
Absender;;;;
Absicht;;;;
Abteilung;;;;
Achtung;;;;
Adresse;;;;
Agentur;;;;
Ahnung;;;;
Aktion;;;;
Aktivität;;;;
Alarm;;;;
Alkohol;;;;
Alltag;;;;
Alphabet;;;;
Alter;;;;
Altenheim;;;;
Altersheim;;;;
Ampel;;;;
Amt;;;;
Angebot;;;;
Änderung;;;;
Anfang;;;;
Angabe;;;;
Angehörige;;;;
Angst;;;;
Ankunft;;;;
Anlage;;;;
Anmeldung;;;;
Anrede;;;;
Anruf;;;;
Anrufbeantworter;;;;
Ansage;;;;
Anschluss;;;;
Anspruch;;;;
Angestellte;;;;
Antrag;;;;
Antwort;;;;
Anwalt;;;;
Anzeige;;;;
Anzug;;;;
Apartment;;;;
Apfel;;;;
Apotheke;;;;
Apparat;;;;
Appetit;;;;
Aprikose;;;;
Arbeit;;;;
Arbeiter;;;;
Arbeitgeber;;;;
Arbeitnehmer;;;;
Arbeitserlaubnis;;;;
Arbeitslosigkeit;;;;
Arbeitsplatz;;;;
Arbeitsstelle;;;;
Ärger;;;;
Arm;;;;
Art;;;;
Artikel;;;;
Arzt;;;;
Asyl;;;;
Aufenthalt;;;;
Aufforderung;;;;
Aufgabe;;;;
Aufnahme;;;;
Auftrag;;;;
Aufzug;;;;
Auge;;;;
Augenblick;;;;
Ausbildung;;;;
Ausbildungsplatz;;;;
Ausdruck;;;;
Ausfahrt;;;;
Ausflug;;;;
Ausgabe;;;;
Ausgang;;;;
Aushilfe;;;;
Auskunft;;;;
Ausland;;;;
Ausländer;;;;
Ausnahme;;;;
Aussicht;;;;
Aussprache;;;;
Ausstellung;;;;
Ausweis;;;;
Auszubildende;;;;
Auto;;;;
Autobahn;;;;
Automat;;;;
Baby;;;;
Babysitter;;;;
Bäckerei;;;;
Bad;;;;
Badewanne;;;;
Bahn;;;;
S-Bahn;;;;
Straßenbahn;;;;
Bahnhof;;;;
Bahnsteig;;;;
Balkon;;;;
Ball;;;;
Banane;;;;
Bankleitzahl;;;;
Bargeld;;;;
Bart;;;;
Batterie;;;;
Bauch;;;;
Bau;;;;
Baustelle;;;;
Bauer;;;;
Baum;;;;
Beamte;;;;
Bedienungsanleitung;;;;
Bedingung;;;;
Beginn;;;;
Begründung;;;;
Behörde;;;;
Bein;;;;
Beispiel;;;;
Beitrag;;;;
Bekannte;;;;
Beleg;;;;
Benzin;;;;
Beratung;;;;
Bereich;;;;
Berg;;;;
Bericht;;;;
Beruf;;;;
Beschäftigung;;;;
Bescheid;;;;
Bescheinigung;;;;
Beschreibung;;;;
Besprechung;;;;
Besserung;;;;
Bestätigung;;;;
Besuch;;;;
Betrag;;;;
Betreuung;;;;
Betrieb;;;;
Betriebsrat;;;;
Bett;;;;
Bevölkerung;;;;
Bewegung;;;;
Beweis;;;;
Bewerbung;;;;
Bewohner;;;;
Beziehung;;;;
Bibliothek;;;;
Bier;;;;
Biergarten;;;;
Bild;;;;
Bildschirm;;;;
Birne;;;;
Bitte;;;;
Blatt;;;;
Bleistift;;;;
Blick;;;;
Blitz;;;;
Blume;;;;
Bluse;;;;
Blut;;;;
Boden;;;;
Bogen;;;;
Bohne;;;;
Bonbon;;;;
Boot;;;;
Botschaft;;;;
Braten;;;;
Breite;;;;
Bremse;;;;
Brief;;;;
Briefkasten;;;;
Briefmarke;;;;
Briefträger;;;;
Briefumschlag;;;;
Brille;;;;
Broschüre;;;;
Brot;;;;
Brötchen;;;;
Brücke;;;;
Bruder;;;;
Brust;;;;
Buch;;;;
Buchhandlung;;;;
Bücherei;;;;
Buchstabe;;;;
Bürger;;;;
Bürgerbüro;;;;
Bürgersteig;;;;
Büro;;;;
Bürste;;;;
Zahnbürste;;;;
Bus;;;;
Butter;;;;
Café;;;;
Camping;;;;
CD;;;;
CD-ROM;;;;
Chance;;;;
Chef;;;;
Chemie;;;;
Club;;;;
Cola;;;;
Couch;;;;
Computer;;;;
Creme;;;;
Dach;;;;
Dame;;;;
Dank;;;;
Datei;;;;
Datum;;;;
Decke;;;;
Demokratie;;;;
Diät;;;;
Dieb;;;;
Dienst;;;;
Diesel;;;;
Ding;;;;
Direktor;;;;
Diskussion;;;;
Doktor;;;;
Dorf;;;;
Dose;;;;
Drogerie;;;;
Drucker;;;;
Druck;;;;
Durchsage;;;;
Durst;;;;
Dusche;;;;
DVD;;;;
EC-Karte;;;;
Ecke;;;;
Ehe;;;;
Ehepaar;;;;
Ehre;;;;
Ei;;;;
Eile;;;;
Einbahnstraße;;;;
Einbrecher;;;;
Einbruch;;;;
Eindruck;;;;
Einfahrt;;;;
Einfall;;;;
Einfluss;;;;
Einführung;;;;
Eingang;;;;
Einkauf;;;;
Einkommen;;;;
Einladung;;;;
Einnahme;;;;
Einrichtung;;;;
Einschreiben;;;;
Eintritt;;;;
Einwohner;;;;
Einzelheit;;;;
Eis;;;;
Eisen;;;;
Eisenbahn;;;;
Eltern;;;;
Elternabend;;;;
Elternbeirat;;;;
E-Mail;;;;
Empfang;;;;
Empfehlung;;;;
Ende;;;;
Energie;;;;
Enkel;;;;
Entfernung;;;;
Entscheidung;;;;
Entschuldigung;;;;
Enttäuschung;;;;
Entwicklung;;;;
Erde;;;;
Erdgeschoss;;;;
Ereignis;;;;
Erfahrung;;;;
Erfindung;;;;
Erfolg;;;;
Ergebnis;;;;
Erhöhung;;;;
Erholung;;;;
Erinnerung;;;;
Erklärung;;;;
Erlaubnis;;;;
Erlebnis;;;;
Ermäßigung;;;;
Ernährung;;;;
Eröffnung;;;;
Ersatz;;;;
Ersatzteil;;;;
Erwachsene;;;;
Erziehung;;;;
Essen;;;;
Essig;;;;
Experte;;;;
Export;;;;
Fabrik;;;;
Fach;;;;
Fachmann;;;;
Fachleute;;;;
Fähre;;;;
Fahrbahn;;;;
Fahrer;;;;
Fahrkarte;;;;
Fahrplan;;;;
Fahrrad;;;;
Fahrschule;;;;
Fahrzeug;;;;
Fall;;;;
Familie;;;;
Familienstand;;;;
Fan;;;;
Fantasie;;;;
Farbe;;;;
Fax;;;;
Fehler;;;;
Feier;;;;
Feierabend;;;;
Feiertag;;;;
Fenster;;;;
Ferien;;;;
Fernbedienung;;;;
Fernsehen;;;;
Fernseher;;;;
Fest;;;;
Festplatte;;;;
Festnetz;;;;
Fett;;;;
Feuer;;;;
Feuerzeug;;;;
Feuerwehr;;;;
Fieber;;;;
Figur;;;;
Film;;;;
Finger;;;;
Firma;;;;
Fisch;;;;
Fitness;;;;
Fläche;;;;
Flasche;;;;
Fleck;;;;
Fleisch;;;;
Flucht;;;;
Flug;;;;
Flughafen;;;;
Flugzeug;;;;
Flur;;;;
Fluss;;;;
Flüssigkeit;;;;
Folge;;;;
Forderung;;;;
Förderung;;;;
Form;;;;
Formular;;;;
Fortbildung;;;;
Fortschritt;;;;
Fortsetzung;;;;
Foto;;;;
Fotoapparat;;;;
Fotografie;;;;
Frage;;;;
Frau;;;;
Freiheit;;;;
Freizeit;;;;
Fremdsprache;;;;
Freude;;;;
Freund;;;;
Friseur;;;;
Frist;;;;
Frucht;;;;
Frühstück;;;;
Führerschein;;;;
Führung;;;;
Fundbüro;;;;
Fuß;;;;
Fußball;;;;
Fußgänger;;;;
Fußgängerzone;;;;
Gabel;;;;
Gang;;;;
Garage;;;;
Garantie;;;;
Garderobe;;;;
Garten;;;;
Gas;;;;
Gast;;;;
Gaststätte;;;;
Gebäude;;;;
Gebäck;;;;
Gebrauchsanweisung;;;;
Gebühr;;;;
Geburt;;;;
Geburtstag;;;;
Geduld;;;;
Gefahr;;;;
Lebensgefahr;;;;
Gefängnis;;;;
Gefühl;;;;
Gegend;;;;
Gegenstand;;;;
Gehalt;;;;
Geheimnis;;;;
Geld;;;;
Taschengeld;;;;
Gelegenheit;;;;
Gemüse;;;;
Genehmigung;;;;
Gepäck;;;;
Gerät;;;;
Gericht;;;;
Gerichtsverhandlung;;;;
Geschäft;;;;
Geschäftsleute;;;;
Geschenk;;;;
Geschichte;;;;
Geschlecht;;;;
Geschirr;;;;
Geschmack;;;;
Geschwindigkeit;;;;
Geschwindigkeitsbeschränkung;;;;
Geschwister;;;;
Gesellschaft;;;;
Gesetz;;;;
Gesicht;;;;
Gespräch;;;;
Gesundheit;;;;
Getränk;;;;
Gewerkschaft;;;;
Gewicht;;;;
Gewinn;;;;
Gewissen;;;;
Gewitter;;;;
Gewürz;;;;
Gift;;;;
Gitarre;;;;
Glas;;;;
Gleis;;;;
Glück;;;;
Glückwunsch;;;;
Gold;;;;
Gott;;;;
Gras;;;;
Grenze;;;;
Grill;;;;
Grippe;;;;
Großstadt;;;;
Größe;;;;
Grund;;;;
Grundstück;;;;
Gruppe;;;;
Gruß;;;;
Haar;;;;
Hackfleisch;;;;
Hafen;;;;
Hähnchen;;;;
Halbpension;;;;
Hälfte;;;;
Halle;;;;
Hals;;;;
Halt;;;;
Haltestelle;;;;
Hammer;;;;
Hand;;;;
Handtuch;;;;
Handel;;;;
Händler;;;;
Handwerker;;;;
Handy;;;;
Hauptstadt;;;;
Hauptbahnhof;;;;
Haus;;;;
Hausaufgabe;;;;
Hausfrau;;;;
Hausmann;;;;
Haushalt;;;;
Hausmeister;;;;
Haut;;;;
Heft;;;;
Heim;;;;
Heimat;;;;
Heimweh;;;;
Heizung;;;;
Hemd;;;;
Herd;;;;
Herkunft;;;;
Herkunftsland;;;;
Herr;;;;
Hersteller;;;;
Herz;;;;
Hilfe;;;;
Himmel;;;;
Hit;;;;
Hitze;;;;
Hobby;;;;
Höhe;;;;
Hochzeit;;;;
Hof;;;;
Bauernhof;;;;
Hoffnung;;;;
Holz;;;;
Honig;;;;
Hose;;;;
Hotel;;;;
Hühnchen;;;;
Humor;;;;
Hund;;;;
Hunger;;;;
Husten;;;;
Hut;;;;
ICE;;;;
Idee;;;;
Import;;;;
Industrie;;;;
Industriegebiet;;;;
Infektion;;;;
Information;;;;
Ingenieur;;;;
Inhalt;;;;
Innenstadt;;;;
Insel;;;;
Institut;;;;
Instrument;;;;
Integration;;;;
Integrationskurs;;;;
Intelligenz;;;;
Intensivkurs;;;;
Interesse;;;;
Internet;;;;
Internetanschluss;;;;
Internetcafé;;;;
Interview;;;;
Jacke;;;;
Jahreskarte;;;;
Jazz;;;;
Jeans;;;;
Job;;;;
Journalist;;;;
Jugend;;;;
Jugendamt;;;;
Jugendliche;;;;
Junge;;;;
Kabine;;;;
Kaffee;;;;
Kalender;;;;
Kälte;;;;
Kamera;;;;
Kampf;;;;
Kanal;;;;
Kanne;;;;
Kantine;;;;
Kapitel;;;;
Karriere;;;;
Karte;;;;
Kartoffel;;;;
Käse;;;;
Kasse;;;;
Kasten;;;;
Katalog;;;;
Katastrophe;;;;
Katze;;;;
Kauf;;;;
Käufer;;;;
Kaufhaus;;;;
Keller;;;;
Kellner;;;;
Kenntnisse;;;;
Kennzeichen;;;;
Kerze;;;;
Kette;;;;
Kind;;;;
Kindergarten;;;;
Kinderwagen;;;;
Kindheit;;;;
Kindertagesstätte;;;;
Kino;;;;
Kiosk;;;;
Kirche;;;;
Kissen;;;;
Klasse;;;;
Klassenarbeit;;;;
Klavier;;;;
Kleid;;;;
Kleidung;;;;
Klick;;;;
Klima;;;;
Klimaanlage;;;;
Klingel;;;;
Klinik;;;;
Kloß;;;;
Kneipe;;;;
Knie;;;;
Knochen;;;;
Knopf;;;;
Koch;;;;
Koffer;;;;
Kofferraum;;;;
Kollege;;;;
Kommunikation;;;;
Kompromiss;;;;
König;;;;
Konkurrenz;;;;
Konsulat;;;;
Kontakt;;;;
Konto;;;;
Girokonto;;;;
Kontrolle;;;;
Konzert;;;;
Kopf;;;;
Kopie;;;;
Körper;;;;
Kosmetik;;;;
Kosten;;;;
Kostüm;;;;
Kraft;;;;
Kraftfahrzeug;;;;
Kranke;;;;
Krankenhaus;;;;
Krankenkasse;;;;
Krankenpfleger;;;;
Krankenschwester;;;;
Krankenwagen;;;;
Krankheit;;;;
Kredit;;;;
Kreditkarte;;;;
Kreis;;;;
Kreuz;;;;
Kreuzung;;;;
Krimi;;;;
Kritik;;;;
Küche;;;;
Kuchen;;;;
Kugelschreiber;;;;
Kuli;;;;
Kuh;;;;
Kühlschrank;;;;
Kultur;;;;
Kunde;;;;
Kündigung;;;;
Kunst;;;;
Künstler;;;;
Kunststoff;;;;
Kurs;;;;
Kurve;;;;
Kuss;;;;
Küste;;;;
Labor;;;;
Laden;;;;
Lage;;;;
Lager;;;;
Lampe;;;;
Land;;;;
Landung;;;;
Landwirtschaft;;;;
Länge;;;;
Lärm;;;;
Laster;;;;
Laufwerk;;;;
Laune;;;;
Lautsprecher;;;;
Leben;;;;
Lebenslauf;;;;
Lebensmittel;;;;
Leder;;;;
Lehre;;;;
Lehrer;;;;
Lehrling;;;;
Leistung;;;;
Leiter (masc);;;;
Leitung;;;;
Leiter (fem);;;;
Leute;;;;
Licht;;;;
Liebe;;;;
Lied;;;;
Lieferung;;;;
Lift;;;;
Limonade;;;;
Linie;;;;
Lippe;;;;
Liste;;;;
LKW;;;;
Loch;;;;
Löffel;;;;
Lohn;;;;
Lokal;;;;
Lösung;;;;
Luft;;;;
Lüge;;;;
Lust;;;;
Mädchen;;;;
Magen;;;;
Mahlzeit;;;;
Mahnung;;;;
Makler;;;;
Mal;;;;
Maler;;;;
Mama;;;;
Mann;;;;
Mannschaft;;;;
Mantel;;;;
Märchen;;;;
Margarine;;;;
Marke;;;;
Markt;;;;
Marmelade;;;;
Maschine;;;;
Maßnahme;;;;
Material;;;;
Mathematik;;;;
Mauer;;;;
Maus;;;;
Mechaniker;;;;
Medikament;;;;
Medizin;;;;
Meer;;;;
Mehl;;;;
Mehrheit;;;;
Mehrwertsteuer;;;;
Meinung;;;;
Meister;;;;
Meldung;;;;
Menge;;;;
Mensch;;;;
Messe;;;;
Messer;;;;
Metall;;;;
Methode;;;;
Metzgerei;;;;
Miete;;;;
Mieter;;;;
Migrant;;;;
Migration;;;;
Migrationshintergrund;;;;
Milch;;;;
Minderheit;;;;
Mineralwasser;;;;
Missverständnis;;;;
Mitarbeiter;;;;
Mitglied;;;;
Mitte;;;;
Mittel;;;;
Möbel;;;;
Mobiltelefon;;;;
Mode;;;;
Modell;;;;
Möglichkeit;;;;
Moment;;;;
Mond;;;;
Monitor;;;;
Motor;;;;
Motorrad;;;;
Mühe;;;;
Müll;;;;
Müllabfuhr;;;;
Mülleimer;;;;
Mülltonne;;;;
Sperrmüll;;;;
Mund;;;;
Münze;;;;
Museum;;;;
Musik;;;;
Musiker;;;;
Muskel;;;;
Mut;;;;
Mutter;;;;
Nachbar;;;;
Nachricht;;;;
Nachspeise;;;;
Nachteil;;;;
Nachtisch;;;;
Nadel;;;;
Nagel;;;;
Nähe;;;;
Name;;;;
Familienname;;;;
Mädchenname;;;;
Vorname;;;;
Nase;;;;
Natur;;;;
Nebel;;;;
Neffe;;;;
Nerv;;;;
Nichte;;;;
Nichtraucher;;;;
Not;;;;
Notaufnahme;;;;
Notausgang;;;;
Notfall;;;;
Notruf;;;;
Note;;;;
Notiz;;;;
Nudel;;;;
Nummer;;;;
Obst;;;;
Ofen;;;;
Obergeschoss;;;;
Ohr;;;;
Öl;;;;
Oma;;;;
Onkel;;;;
Opa;;;;
Oper;;;;
Operation;;;;
Opfer;;;;
Orange;;;;
Orchester;;;;
Ordner;;;;
Ordnung;;;;
Organisation;;;;
Original;;;;
Ort;;;;
Vorort;;;;
Wohnort;;;;
Paar;;;;
Päckchen;;;;
Paket;;;;
Panne;;;;
Papa;;;;
Papier;;;;
Parfüm;;;;
Park;;;;
Parkhaus;;;;
Parkplatz;;;;
Parkuhr;;;;
Partner;;;;
Party;;;;
Pass;;;;
Passagier;;;;
Patient;;;;
Pause;;;;
Pech;;;;
Pension;;;;
Person;;;;
Personal;;;;
Pfeffer;;;;
Pferd;;;;
Pflanze;;;;
Pflaster;;;;
Pflaume;;;;
Pfleger;;;;
Pflegeversicherung;;;;
Pflicht;;;;
Phantasie;;;;
Philosophie;;;;
Physik;;;;
Picknick;;;;
Pille;;;;
Pilz;;;;
PKW;;;;
Plan;;;;
Plastik;;;;
Platz;;;;
Politik;;;;
Politiker;;;;
Polizei;;;;
Polizist;;;;
Pommes;;;;
Portion;;;;
Post;;;;
Postfach;;;;
Postkarte;;;;
Postleitzahl;;;;
Praktikum;;;;
Praktikant;;;;
Praxis;;;;
Preis;;;;
Problem;;;;
Produkt;;;;
Produktion;;;;
Professor;;;;
Profi;;;;
Programm;;;;
Projekt;;;;
Prospekt;;;;
Protest;;;;
Prozess;;;;
Prüfung;;;;
Publikum;;;;
Pullover;;;;
Punkt;;;;
Puppe;;;;
Qualifikation;;;;
Qualität;;;;
Quark;;;;
Quartal;;;;
Quatsch;;;;
Querstraße;;;;
Quittung;;;;
Rabatt;;;;
Rad;;;;
Radfahrer;;;;
Radio;;;;
Rand;;;;
Rat;;;;
Ratschlag;;;;
Rathaus;;;;
Raucher;;;;
Raum;;;;
Reaktion;;;;
Realität;;;;
Rechner;;;;
Rechnung;;;;
Recht;;;;
Rechtsanwalt;;;;
Rede;;;;
Reform;;;;
Regal;;;;
Regel;;;;
Regen;;;;
Region;;;;
Reifen;;;;
Reihe;;;;
Reinigung;;;;
Reis;;;;
Reise;;;;
Reisebüro;;;;
Rekord;;;;
Rente;;;;
Rentner;;;;
Reparatur;;;;
Reservierung;;;;
Rest;;;;
Restaurant;;;;
Rezept;;;;
Rezeption;;;;
Rhythmus;;;;
Richter;;;;
Richtung;;;;
Rind;;;;
Ring;;;;
Risiko;;;;
Rock;;;;
Roman;;;;
Rose;;;;
Rückfahrt;;;;
Rückkehr;;;;
Rücken;;;;
Rucksack;;;;
Rücksicht;;;;
Ruhe;;;;
Rundfunk;;;;
Saal;;;;
Sache;;;;
Sack;;;;
Saft;;;;
Sahne;;;;
Saison;;;;
Salon;;;;
Salat;;;;
Salbe;;;;
Salz;;;;
Sand;;;;
Sänger;;;;
Satz;;;;
Schachtel;;;;
Schaden;;;;
Schalter;;;;
Schatten;;;;
Schaufenster;;;;
Schauspieler;;;;
Scheibe;;;;
Scheidung;;;;
Schein;;;;
Schere;;;;
Schicht;;;;
Schiff;;;;
Schild;;;;
Schinken;;;;
Schirm;;;;
Schlaf;;;;
Schlange;;;;
Schloss;;;;
Schluss;;;;
Schlüssel;;;;
Schmerz;;;;
Schmerzmittel;;;;
Schmuck;;;;
Schnee;;;;
Schnitzel;;;;
Schnupfen;;;;
Schokolade;;;;
Schrank;;;;
Schreiben;;;;
Schreibtisch;;;;
Schrift;;;;
Schritt;;;;
Schuh;;;;
Schuld;;;;
Schule;;;;
Schulter;;;;
Schutz;;;;
Schwangerschaft;;;;
Schwein;;;;
Schwester;;;;
Schwierigkeit;;;;
Schwimmbad;;;;
See;;;;
Sehenswürdigkeit;;;;
Seife;;;;
Seite;;;;
Sekretärin;;;;
Semester;;;;
Sender;;;;
Sendung;;;;
Senioren;;;;
Serie;;;;
Service;;;;
Sessel;;;;
Sicherheit;;;;
Sieg;;;;
Sieger;;;;
Sinn;;;;
Situation;;;;
Sitz;;;;
Ski;;;;
SMS;;;;
Socke;;;;
Sofa;;;;
Software;;;;
Sohn;;;;
Sonderangebot;;;;
Sonne;;;;
Sorge;;;;
Soße;;;;
Souvenir;;;;
Sozialamt;;;;
Sozialarbeiter;;;;
Sozialhilfe;;;;
Spaß;;;;
Spaziergang;;;;
Spezialist;;;;
Spiegel;;;;
Spiel;;;;
Spieler;;;;
Spielplatz;;;;
Spielzeug;;;;
Sport;;;;
Sportart;;;;
Sportler;;;;
Sprache;;;;
Muttersprache;;;;
Sprechstunde;;;;
Spritze;;;;
Spülmaschine;;;;
Spur;;;;
Staat;;;;
Staatsangehörigkeit;;;;
Stadion;;;;
Stadt;;;;
Stadtplan;;;;
Standesamt;;;;
Standpunkt;;;;
Star;;;;
Start;;;;
Station;;;;
Stau;;;;
Staub;;;;
Steak;;;;
Steckdose;;;;
Stecker;;;;
Stein;;;;
Stelle;;;;
Stempel;;;;
Stern;;;;
Steuer;;;;
Stiefel;;;;
Stimme;;;;
Stimmung;;;;
Stirn;;;;
Stock;;;;
Stockwerk;;;;
Stoff;;;;
Störung;;;;
Strafe;;;;
Strafzettel;;;;
Strand;;;;
Straße;;;;
Strecke;;;;
Streichholz;;;;
Streik;;;;
Streit;;;;
Stress;;;;
Strom;;;;
Strumpf;;;;
Student;;;;
Studium;;;;
Studio;;;;
Stufe;;;;
Stuhl;;;;
Stunde;;;;
Sturm;;;;
Supermarkt;;;;
Suppe;;;;
Symbol;;;;
System;;;;
Tabelle;;;;
Tablette;;;;
Tafel;;;;
Tagesablauf;;;;
Tagesmutter;;;;
Tal;;;;
Tankstelle;;;;
Tante;;;;
Tanz;;;;
Tarif;;;;
Tasche;;;;
Taschentuch;;;;
Tasse;;;;
Taste;;;;
Tastatur;;;;
Tat;;;;
Täter;;;;
Tätigkeit;;;;
Taxi;;;;
Team;;;;
Technik;;;;
Tee;;;;
Teil;;;;
Teilzeit;;;;
Teilnahme;;;;
Teilnehmer;;;;
Telefon;;;;
Teller;;;;
Temperatur;;;;
Tempo;;;;
Tennis;;;;
Teppich;;;;
Termin;;;;
Terrasse;;;;
Test;;;;
Text;;;;
Theater;;;;
Thema;;;;
Therapie;;;;
Ticket;;;;
Tier;;;;
Haustier;;;;
Tierpark;;;;
Tipp;;;;
Tisch;;;;
Titel;;;;
Tochter;;;;
Tod;;;;
Toilette;;;;
Tomate;;;;
Tonne;;;;
Top;;;;
Topf;;;;
Tor;;;;
Tote;;;;
Tour;;;;
Tourismus;;;;
Tourist;;;;
Tradition;;;;
Trainer;;;;
Training;;;;
Transport;;;;
Trauung;;;;
Treffpunkt;;;;
Trennung;;;;
Treppe;;;;
Trinkgeld;;;;
Tropfen;;;;
T-Shirt;;;;
Tür;;;;
Turm;;;;
Tüte;;;;
Typ;;;;
U-Bahn;;;;
Übung;;;;
Übernachtung;;;;
Überraschung;;;;
Übersetzer;;;;
Übersetzung;;;;
Überstunde;;;;
Überweisung;;;;
Überzeugung;;;;
Uhr;;;;
Umfrage;;;;
Umgebung;;;;
Umleitung;;;;
Umwelt;;;;
Umzug;;;;
Unfall;;;;
Unglück;;;;
Unterhaltung;;;;
Unterkunft;;;;
Unterlagen;;;;
Unterricht;;;;
Unterschied;;;;
Unterschrift;;;;
Unterstützung;;;;
Untersuchung;;;;
Urlaub;;;;
Ursache;;;;
Urteil;;;;
Vater;;;;
Veranstaltung;;;;
Verantwortung;;;;
Verbot;;;;
Verband;;;;
Verbindung;;;;
Verbraucher;;;;
Verbrecher;;;;
Verdacht;;;;
Verein;;;;
Verfallsdatum;;;;
Vergangenheit;;;;
Vergleich;;;;
Verhalten;;;;
Verhältnis;;;;
Verkäufer;;;;
Verkehr;;;;
Verkehrsmittel;;;;
Verletzung;;;;
Verlust;;;;
Vermieter;;;;
Vermittlung;;;;
Versichertenkarte;;;;
Versicherung;;;;
Verspätung;;;;
Verständnis;;;;
Versuch;;;;
Vertrag;;;;
Vertrauen;;;;
Vertreter;;;;
Vertretung;;;;
Verwaltung;;;;
Verwandte;;;;
Verzeihung;;;;
Visum;;;;
Vitamin;;;;
Vogel;;;;
Vollzeit;;;;
Vorbereitung;;;;
Vorfahrt;;;;
Vorschlag;;;;
Vorschrift;;;;
Vorsicht;;;;
Vorstellung;;;;
Vorteil;;;;
Vorwahl;;;;
Vorwurf;;;;
Wagen;;;;
Wahl;;;;
Wahrheit;;;;
Wald;;;;
Wand;;;;
Wanderung;;;;
Ware;;;;
Wärme;;;;
Wäsche;;;;
Waschmittel;;;;
Wasser;;;;
WC;;;;
Wecker;;;;
Weg;;;;
Wein;;;;
Weiterbildung;;;;
Welt;;;;
Weltmeister;;;;
Weltmeisterschaft;;;;
Werbung;;;;
Werk;;;;
Werkstatt;;;;
Werkzeug;;;;
Wert;;;;
Westen;;;;
Wettbewerb;;;;
Wetter;;;;
Wetterbericht;;;;
Wiese;;;;
Wind;;;;
Wirkung;;;;
Wirklichkeit;;;;
Wirt;;;;
Wirtschaft;;;;
Witz;;;;
Wohngeld;;;;
Wohngemeinschaft;;;;
Wohnung;;;;
Wohnungsamt;;;;
Wohnzimmer;;;;
Wolke;;;;
Wolle;;;;
Wort;;;;
Wörterbuch;;;;
Wunde;;;;
Wunder;;;;
Wunsch;;;;
Wurst;;;;
Zahl;;;;
Zahlung;;;;
Zahn;;;;
Zeichen;;;;
Verkehrszeichen;;;;
Zeit;;;;
Zeitarbeit;;;;
Zeitpunkt;;;;
Zeitschrift;;;;
Zeitung;;;;
Zelt;;;;
Zentrum;;;;
Zertifikat;;;;
Zettel;;;;
Zeuge;;;;
Zeugnis;;;;
Ziel;;;;
Zigarette;;;;
Zimmer;;;;
Zinsen;;;;
Zitrone;;;;
Zoll;;;;
Zone;;;;
Zoo;;;;
Zucker;;;;
Zufall;;;;
Zuhause;;;;
Zuhörer;;;;
Zukunft;;;;
Zulassung;;;;
Zusammenarbeit;;;;
Zuschauer;;;;
Zustand;;;;
Zustimmung;;;;
Zuwanderer;;;;
Zweck;;;;
Zwiebel;;;;
